{
  "Add" : {
    "transaction" : "Add",
    "sampleCount" : 5,
    "errorCount" : 0,
    "errorPct" : 0.0,
    "meanResTime" : 556.2,
    "medianResTime" : 530.0,
    "minResTime" : 514.0,
    "maxResTime" : 605.0,
    "pct1ResTime" : 605.0,
    "pct2ResTime" : 605.0,
    "pct3ResTime" : 605.0,
    "throughput" : 4.780114722753346,
    "receivedKBytesPerSec" : 2.7354953393881454,
    "sentKBytesPerSec" : 2.016610898661568
  },
  "Sub" : {
    "transaction" : "Sub",
    "sampleCount" : 5,
    "errorCount" : 0,
    "errorPct" : 0.0,
    "meanResTime" : 261.6,
    "medianResTime" : 261.0,
    "minResTime" : 258.0,
    "maxResTime" : 265.0,
    "pct1ResTime" : 265.0,
    "pct2ResTime" : 265.0,
    "pct3ResTime" : 265.0,
    "throughput" : 18.656716417910445,
    "receivedKBytesPerSec" : 11.022767024253731,
    "sentKBytesPerSec" : 8.144093983208954
  },
  "Divide" : {
    "transaction" : "Divide",
    "sampleCount" : 5,
    "errorCount" : 0,
    "errorPct" : 0.0,
    "meanResTime" : 260.8,
    "medianResTime" : 262.0,
    "minResTime" : 258.0,
    "maxResTime" : 263.0,
    "pct1ResTime" : 263.0,
    "pct2ResTime" : 263.0,
    "pct3ResTime" : 263.0,
    "throughput" : 18.51851851851852,
    "receivedKBytesPerSec" : 10.868778935185185,
    "sentKBytesPerSec" : 10.597511574074073
  },
  "Total" : {
    "transaction" : "Total",
    "sampleCount" : 20,
    "errorCount" : 0,
    "errorPct" : 0.0,
    "meanResTime" : 334.3,
    "medianResTime" : 261.5,
    "minResTime" : 255.0,
    "maxResTime" : 605.0,
    "pct1ResTime" : 597.5000000000001,
    "pct2ResTime" : 605.0,
    "pct3ResTime" : 605.0,
    "throughput" : 8.56898029134533,
    "receivedKBytesPerSec" : 5.018794853256212,
    "sentKBytesPerSec" : 4.002065258140531
  },
  "Multiply" : {
    "transaction" : "Multiply",
    "sampleCount" : 5,
    "errorCount" : 0,
    "errorPct" : 0.0,
    "meanResTime" : 258.6,
    "medianResTime" : 259.0,
    "minResTime" : 255.0,
    "maxResTime" : 260.0,
    "pct1ResTime" : 260.0,
    "pct2ResTime" : 260.0,
    "pct3ResTime" : 260.0,
    "throughput" : 18.58736059479554,
    "receivedKBytesPerSec" : 11.018093633828995,
    "sentKBytesPerSec" : 8.131970260223047
  }
}